"code","country","wave","F115","F116","F117","F118","F119","F120","F121","F122","F123","c2","c3","name","sum"
36,"AU",1,2.31,2.98,1.62,3.51,3.7,4.08,4.86,4.86,2.85,"AU"," AUS"," AUSTRALIA",30.77
36,"AU",3,2.06,2.14,1.26,4.4,4.04,4.7,5.81,6.03,2.95,"AU"," AUS"," AUSTRALIA",33.39
36,"AU",5,2.26,1.95,1.41,5.61,4.49,5.56,6.5,6.42,3.15,"AU"," AUS"," AUSTRALIA",37.35
36,"AU",6,2.05,1.74,1.39,6.59,4.69,5.68,6.97,6,3.39,"AU"," AUS"," AUSTRALIA",38.5
50,"BD",3,1.12,0.99,1.02,6,6,6,1.75,1.11,1.03,"BD"," BGD"," BANGLADESH",25.02
50,"BD",4,1.16,1.05,1.03,0.99,1.15,1.28,1.54,1.08,1.01,"BD"," BGD"," BANGLADESH",10.29
76,"BR",2,2.86,2.75,1.37,2.38,2.02,2.45,4.81,2.66,1.39,"BR"," BRA"," BRAZIL",22.69
76,"BR",5,3.9,3.58,1.8,4.05,3.02,2.36,5.49,3.34,1.76,"BR"," BRA"," BRAZIL",29.3
76,"BR",6,3.17,2.5,1.52,4.31,2.87,2.24,6.07,2.37,1.6,"BR"," BRA"," BRAZIL",26.65
124,"CA",4,2.2,2,1.54,5.15,3.23,4.36,5.95,5.5,2.68,"CA"," CAN"," CANADA",32.61
124,"CA",5,2.19,1.78,1.51,5.22,3.06,4.37,5.9,4.97,2.53,"CA"," CAN"," CANADA",31.53
156,"CN",2,1.57,1.53,1.33,1.14,1.19,4.62,4.57,6.38,2.54,"CN"," CHN"," CHINA",24.87
156,"CN",3,1.57,1.5,1.19,1.17,1.16,3.69,5.13,5.32,2.64,"CN"," CHN"," CHINA",23.37
156,"CN",4,1.32,1.52,1.24,0.77,1,3.17,2.85,2.92,1.38,"CN"," CHN"," CHINA",16.17
156,"CN",5,1.8,1.57,1.34,1.08,1.13,1.7,2.39,2.06,1.55,"CN"," CHN"," CHINA",14.62
156,"CN",6,1.89,1.47,1.3,1.47,1.17,2,2.63,2.4,1.71,"CN"," CHN"," CHINA",16.04
158,"TW",3,2,1.91,1.51,1.99,1.91,2.85,3.79,4.82,2.19,"TW"," TWN"," TAIWAN",22.97
158,"TW",5,2.01,1.89,1.46,3.75,2.76,3.45,4.58,6.12,2.28,"TW"," TWN"," TAIWAN",28.3
158,"TW",6,2.3,1.81,1.51,4.2,3.09,3.27,4.75,5.2,2.25,"TW"," TWN"," TAIWAN",28.38
170,"CO",3,4.8,1.91,1.48,2.62,4.16,1.92,5.37,5.07,3.83,"CO"," COL"," COLOMBIA",31.16
170,"CO",5,6,1.55,1.54,3.67,1.92,1.95,4.63,3.19,1.39,"CO"," COL"," COLOMBIA",25.84
170,"CO",6,3.19,1.64,1.52,3.27,2.43,1.88,4.18,3,1.63,"CO"," COL"," COLOMBIA",22.74
196,"CY",5,2.59,1.93,1.69,3.68,2.47,4.08,6.05,3.25,2.17,"CY"," CYP"," CYPRUS",27.91
196,"CY",6,2.07,1.6,1.51,3.55,2.45,3.81,6.37,6,2.21,"CY"," CYP"," CYPRUS",29.57
246,"FI",1,1.89,2.39,1.44,3.36,2.93,4.57,5.77,4.59,2.49,"FI"," FIN"," FINLAND",29.43
246,"FI",3,2.29,2.54,1.41,4.24,3.34,4.8,6.29,5.62,2.88,"FI"," FIN"," FINLAND",33.41
246,"FI",5,2.28,2.14,1.59,5.69,3.09,5.37,6.66,5.63,3.17,"FI"," FIN"," FINLAND",35.62
250,"FR",5,2.83,2.81,2.18,6.4,3.31,6.41,6.82,6.69,3.66,"FR"," FRA"," FRANCE",41.11
276,"DE",3,3.08,2.94,1.89,6.38,5.14,5.44,6.81,6,4.47,"DE"," DEU"," GERMANY",42.15
276,"DE",5,2.17,2.08,1.66,5.87,4.02,4.73,6.23,4.14,3.05,"DE"," DEU"," GERMANY",33.95
276,"DE",6,1.82,6,1.59,5.83,4.05,4.63,6.34,6,3.11,"DE"," DEU"," GERMANY",39.37
344,"HK",5,2.03,1.92,1.73,3.55,3.1,3.43,4.67,5.19,2.23,"HK"," HKG"," HONG KONG",27.85
344,"HK",6,2.75,2.03,1.91,4.18,2.95,3.23,4.52,4.96,2.76,"HK"," HKG"," HONG KONG",29.29
356,"IN",2,1.44,1.45,1.39,1.08,1.48,3.33,2.66,3.11,1.56,"IN"," IND"," INDIA",17.5
356,"IN",3,1.5,1.53,1.47,1.47,1.73,2.4,2.88,2.49,1.71,"IN"," IND"," INDIA",17.18
356,"IN",4,1.95,1.95,1.76,1.85,2.14,2.76,3.41,2.9,2.44,"IN"," IND"," INDIA",21.16
356,"IN",5,2.77,2.38,2.41,2.02,2.24,2.53,3.1,2.88,2.61,"IN"," IND"," INDIA",22.94
356,"IN",6,4.33,4.01,4.03,4.1,3.98,4.43,4.14,4.01,4.34,"IN"," IND"," INDIA",37.37
360,"ID",4,1.36,1.54,1.44,1.13,1.13,1.28,2.49,1.49,1.05,"ID"," IDN"," INDONESIA",12.91
360,"ID",5,1.56,1.51,1.37,1.28,1.35,1.44,2.83,1.67,1.26,"ID"," IDN"," INDONESIA",14.27
364,"IR",4,1.71,1.38,1.2,1.15,1.12,1.71,2.68,1.86,1.14,"IR"," IRN"," IRAN (ISLAMIC REPUBLIC OF)",13.95
364,"IR",5,2.64,2,1.74,1.48,1.5,2.29,3.1,2.7,1.71,"IR"," IRN"," IRAN (ISLAMIC REPUBLIC OF)",19.16
376,"IL",4,6,6,1.42,4.66,3.29,5.07,6.34,6,6,"IL"," ISR"," ISRAEL",44.78
380,"IT",5,2.04,2.14,1.28,2.95,2.24,3.33,4.77,3.46,1.91,"IT"," ITA"," ITALY",24.12
392,"JP",1,1.27,1.16,1.47,1.9,1.63,2.79,3.66,3.8,2.22,"JP"," JPN"," JAPAN",19.9
392,"JP",2,1.44,1.4,1.7,2.12,1.73,3.34,4.41,4.74,2.43,"JP"," JPN"," JAPAN",23.31
392,"JP",3,1.51,1.46,1.53,3.11,2.05,3.96,5.28,5.36,2.33,"JP"," JPN"," JAPAN",26.59
392,"JP",4,1.53,1.37,1.44,3.72,2.02,4.15,5.68,5.74,2.68,"JP"," JPN"," JAPAN",28.33
392,"JP",5,1.52,1.39,1.48,4.03,1.9,4.17,5.89,5.83,2.61,"JP"," JPN"," JAPAN",28.82
392,"JP",6,1.29,1.22,1.31,4.03,6,3.93,5.22,6,2.01,"JP"," JPN"," JAPAN",31.01
410,"KR",1,1.94,1.36,1.91,1.84,1.82,3.8,3.75,4.24,2.89,"KR"," KOR"," KOREA",23.55
410,"KR",2,2.75,1.53,1.8,1.54,2.16,4.21,4.25,6,2.84,"KR"," KOR"," KOREA",27.08
410,"KR",3,2.63,1.78,1.5,2.13,2.28,3.35,4.12,4.25,2.82,"KR"," KOR"," KOREA",24.86
410,"KR",4,2.74,1.59,1.42,2.77,2.2,3.37,4.57,4.56,2.77,"KR"," KOR"," KOREA",25.99
410,"KR",5,2.78,1.66,1.59,2.92,2.54,3.58,4.76,4.81,2.93,"KR"," KOR"," KOREA",27.57
410,"KR",6,2.8,1.74,1.64,3.48,6,3.49,4.75,6,2.48,"KR"," KOR"," KOREA",32.38
422,"LB",6,2.86,3.18,2.76,3,6,3.13,4.06,3.25,2.87,"LB"," LBN"," LEBANON",31.11
484,"MX",1,3.47,3.35,2.25,2.26,2.45,2.69,3.69,3.68,2.15,"MX"," MEX"," MEXICO",25.99
484,"MX",2,4.13,3.69,2.66,2.82,3.09,3.73,4.72,3.85,3.02,"MX"," MEX"," MEXICO",31.71
484,"MX",3,3.26,2.95,2.44,2.79,2.78,2.67,4.15,3.24,1.76,"MX"," MEX"," MEXICO",26.04
484,"MX",4,3.58,2.15,1.95,3.36,2.96,2.56,4.46,3.12,1.65,"MX"," MEX"," MEXICO",25.79
484,"MX",5,4.05,2.48,2.31,4.11,3.58,2.94,4.92,3.94,2.38,"MX"," MEX"," MEXICO",30.71
484,"MX",6,4.31,2.15,2.09,4.08,3.33,2.86,4.84,3.06,2.28,"MX"," MEX"," MEXICO",29
643,"RU",2,2.62,2.51,1.38,1.26,1.67,4.2,4.42,3.06,2,"RU"," RUS"," RUSSIAN FEDERATION",23.12
643,"RU",3,3.81,2.9,1.44,1.41,1.94,4.52,4.95,4.4,1.88,"RU"," RUS"," RUSSIAN FEDERATION",27.25
643,"RU",5,3.69,2.78,1.73,2.15,2.11,3.58,4.94,4.26,1.92,"RU"," RUS"," RUSSIAN FEDERATION",27.16
643,"RU",6,3.74,2.81,1.97,2.12,2.45,3.79,5.5,6,1.83,"RU"," RUS"," RUSSIAN FEDERATION",30.21
702,"SG",4,2.45,2.03,1.74,2.37,2.13,2.66,3.42,3.56,1.94,"SG"," SGP"," SINGAPORE",22.3
702,"SG",6,2.98,2.53,2.48,3.58,3.52,3.77,4.4,6,3.1,"SG"," SGP"," SINGAPORE",32.36
724,"ES",2,2.03,2.2,1.29,3.99,3.2,4.41,5.61,3.81,2.05,"ES"," ESP"," SPAIN",28.59
724,"ES",3,1.9,1.84,1.36,5.05,4.07,4.13,5.75,4.5,2.51,"ES"," ESP"," SPAIN",31.11
724,"ES",4,2.18,2.1,1.58,5.83,4.47,4.66,6.24,4.68,2.9,"ES"," ESP"," SPAIN",34.64
724,"ES",5,2.34,2.01,1.8,6.13,4.33,5.23,6.81,5.06,2.76,"ES"," ESP"," SPAIN",36.47
724,"ES",6,2.07,1.7,1.39,6.65,6,5.22,7.31,6,2.62,"ES"," ESP"," SPAIN",38.96
752,"SE",3,2.87,2.55,1.78,6.48,3.65,6.94,7.35,6.38,4.13,"SE"," SWE"," SWEDEN",42.13
752,"SE",5,2.71,2.26,1.96,8.14,2.94,7.7,8.27,6.45,4.08,"SE"," SWE"," SWEDEN",44.51
752,"SE",6,2.69,2,1.78,7.99,2.88,7.61,8.09,5.44,4.2,"SE"," SWE"," SWEDEN",42.68
756,"CH",2,1.65,2.27,1.51,3.74,3.36,3.03,4.49,4.8,2.69,"CH"," CHE"," SWITZERLAND",27.54
756,"CH",3,2.24,2.58,1.53,5.63,4.73,4.84,6.08,5.82,3.34,"CH"," CHE"," SWITZERLAND",36.79
756,"CH",5,1.8,2.07,1.51,6.58,4.58,5.26,6.63,6.34,4.08,"CH"," CHE"," SWITZERLAND",38.85
764,"TH",5,3.41,2.75,2.81,3.07,2.75,2.45,3.28,3.35,2.41,"TH"," THA"," THAILAND",26.28
764,"TH",6,2.14,1.63,1.68,2.77,1.89,1.91,3.4,3.94,1.74,"TH"," THA"," THAILAND",21.1
826,"GB-GBN",3,6,6,6,4.91,4.33,5.06,6.3,6,6,"GB"," GBR"," UNITED KINGDOM",50.6
826,"GB-GBN",5,2.27,2.16,1.58,4.82,3.48,4.53,6.01,5.5,3.31,"GB"," GBR"," UNITED KINGDOM",33.66
840,"US",3,1.82,1.65,1.19,3.32,2.32,3.68,5.08,4.3,2.15,"US"," USA"," UNITED STATES",25.51
840,"US",4,2.63,2.22,1.56,4.66,2.99,4.32,5.89,5,2.61,"US"," USA"," UNITED STATES",31.88
840,"US",5,2.12,1.67,1.31,4.01,2.8,3.98,5.27,4.47,2.38,"US"," USA"," UNITED STATES",28.01
840,"US",6,2.36,1.74,1.59,5.16,6,4.61,5.96,6,2.9,"US"," USA"," UNITED STATES",36.32
862,"VE",3,1.77,1.94,2.32,1.9,2.17,2.2,4.67,2.53,1.66,"VE"," VEN"," VENEZUELA",21.16
862,"VE",4,2.83,1.8,1.61,2.4,2.2,1.98,4.74,3.06,1.54,"VE"," VEN"," VENEZUELA",22.16
